"HF","Financing scheme","HC","Function","HP","Provider","MEASURE","Measure","LOCATION","Country","TIME","Year","Unit Code","Unit","PowerCode Code","PowerCode","Reference Period Code","Reference Period","Value","Flag Codes","Flags"
"HF1","Government/compulsory schemes","HCTOT","Current expenditure on health (all functions)","HPTOT","All providers","PARPIB","Share of gross domestic product","AUS","Australia","2015","2015","PC","Percentage","0","Units",,,6.984,,
"HF1","Government/compulsory schemes","HCTOT","Current expenditure on health (all functions)","HPTOT","All providers","PARPIB","Share of gross domestic product","AUS","Australia","2016","2016","PC","Percentage","0","Units",,,6.943,,
"HF1","Government/compulsory schemes","HCTOT","Current expenditure on health (all functions)","HPTOT","All providers","PARPIB","Share of gross domestic product","AUS","Australia","2017","2017","PC","Percentage","0","Units",,,6.987,,
"HF1","Government/compulsory schemes","HCTOT","Current expenditure on health (all functions)","HPTOT","All providers","PARPIB","Share of gross domestic product","AUS","Australia","2018","2018","PC","Percentage","0","Units",,,6.995,,
"HF1","Government/compulsory schemes","HCTOT","Current expenditure on health (all functions)","HPTOT","All providers","PARPIB","Share of gross domestic product","AUS","Australia","2019","2019","PC","Percentage","0","Units",,,7.347,,
"HF1","Government/compulsory schemes","HCTOT","Current expenditure on health (all functions)","HPTOT","All providers","PARPIB","Share of gross domestic product","AUS","Australia","2020","2020","PC","Percentage","0","Units",,,7.683,,
"HF1","Government/compulsory schemes","HCTOT","Current expenditure on health (all functions)","HPTOT","All providers","PARPIB","Share of gross domestic product","AUS","Australia","2021","2021","PC","Percentage","0","Units",,,7.803,"E","Estimated value"
"HF1","Government/compulsory schemes","HCTOT","Current expenditure on health (all functions)","HPTOT","All providers","PARPIB","Share of gross domestic product","AUS","Australia","2022","2022","PC","Percentage","0","Units",,,6.968,"E","Estimated value"
"HF1","Government/compulsory schemes","HCTOT","Current expenditure on health (all functions)","HPTOT","All providers","PARPIB","Share of gross domestic product","AUT","Austria","2015","2015","PC","Percentage","0","Units",,,7.678,,
"HF1","Government/compulsory schemes","HCTOT","Current expenditure on health (all functions)","HPTOT","All providers","PARPIB","Share of gross domestic product","AUT","Austria","2016","2016","PC","Percentage","0","Units",,,7.657,,
"HF1","Government/compulsory schemes","HCTOT","Current expenditure on health (all functions)","HPTOT","All providers","PARPIB","Share of gross domestic product","AUT","Austria","2017","2017","PC","Percentage","0","Units",,,7.686,,
"HF1","Government/compulsory schemes","HCTOT","Current expenditure on health (all functions)","HPTOT","All providers","PARPIB","Share of gross domestic product","AUT","Austria","2018","2018","PC","Percentage","0","Units",,,7.727,,
"HF1","Government/compulsory schemes","HCTOT","Current expenditure on health (all functions)","HPTOT","All providers","PARPIB","Share of gross domestic product","AUT","Austria","2019","2019","PC","Percentage","0","Units",,,7.872,,
"HF1","Government/compulsory schemes","HCTOT","Current expenditure on health (all functions)","HPTOT","All providers","PARPIB","Share of gross domestic product","AUT","Austria","2020","2020","PC","Percentage","0","Units",,,8.747,,
"HF1","Government/compulsory schemes","HCTOT","Current expenditure on health (all functions)","HPTOT","All providers","PARPIB","Share of gross domestic product","AUT","Austria","2021","2021","PC","Percentage","0","Units",,,9.476,,
"HF1","Government/compulsory schemes","HCTOT","Current expenditure on health (all functions)","HPTOT","All providers","PARPIB","Share of gross domestic product","AUT","Austria","2022","2022","PC","Percentage","0","Units",,,8.837,"P","Provisional value"
"HF1","Government/compulsory schemes","HCTOT","Current expenditure on health (all functions)","HPTOT","All providers","PARPIB","Share of gross domestic product","BEL","Belgium","2015","2015","PC","Percentage","0","Units",,,8.25,,
"HF1","Government/compulsory schemes","HCTOT","Current expenditure on health (all functions)","HPTOT","All providers","PARPIB","Share of gross domestic product","BEL","Belgium","2016","2016","PC","Percentage","0","Units",,,8.29,,
"HF1","Government/compulsory schemes","HCTOT","Current expenditure on health (all functions)","HPTOT","All providers","PARPIB","Share of gross domestic product","BEL","Belgium","2017","2017","PC","Percentage","0","Units",,,8.289,,
"HF1","Government/compulsory schemes","HCTOT","Current expenditure on health (all functions)","HPTOT","All providers","PARPIB","Share of gross domestic product","BEL","Belgium","2018","2018","PC","Percentage","0","Units",,,8.323,,
"HF1","Government/compulsory schemes","HCTOT","Current expenditure on health (all functions)","HPTOT","All providers","PARPIB","Share of gross domestic product","BEL","Belgium","2019","2019","PC","Percentage","0","Units",,,8.124,,
"HF1","Government/compulsory schemes","HCTOT","Current expenditure on health (all functions)","HPTOT","All providers","PARPIB","Share of gross domestic product","BEL","Belgium","2020","2020","PC","Percentage","0","Units",,,8.726,,
"HF1","Government/compulsory schemes","HCTOT","Current expenditure on health (all functions)","HPTOT","All providers","PARPIB","Share of gross domestic product","BEL","Belgium","2021","2021","PC","Percentage","0","Units",,,8.571,,
"HF1","Government/compulsory schemes","HCTOT","Current expenditure on health (all functions)","HPTOT","All providers","PARPIB","Share of gross domestic product","BEL","Belgium","2022","2022","PC","Percentage","0","Units",,,8.384,"E","Estimated value"
"HF1","Government/compulsory schemes","HCTOT","Current expenditure on health (all functions)","HPTOT","All providers","PARPIB","Share of gross domestic product","SWE","Sweden","2015","2015","PC","Percentage","0","Units",,,9.071,,
"HF1","Government/compulsory schemes","HCTOT","Current expenditure on health (all functions)","HPTOT","All providers","PARPIB","Share of gross domestic product","SWE","Sweden","2016","2016","PC","Percentage","0","Units",,,9.144,,
"HF1","Government/compulsory schemes","HCTOT","Current expenditure on health (all functions)","HPTOT","All providers","PARPIB","Share of gross domestic product","SWE","Sweden","2017","2017","PC","Percentage","0","Units",,,9.136,,
"HF1","Government/compulsory schemes","HCTOT","Current expenditure on health (all functions)","HPTOT","All providers","PARPIB","Share of gross domestic product","SWE","Sweden","2018","2018","PC","Percentage","0","Units",,,9.276,,
"HF1","Government/compulsory schemes","HCTOT","Current expenditure on health (all functions)","HPTOT","All providers","PARPIB","Share of gross domestic product","SWE","Sweden","2019","2019","PC","Percentage","0","Units",,,9.221,,
"HF1","Government/compulsory schemes","HCTOT","Current expenditure on health (all functions)","HPTOT","All providers","PARPIB","Share of gross domestic product","SWE","Sweden","2020","2020","PC","Percentage","0","Units",,,9.767,,
"HF1","Government/compulsory schemes","HCTOT","Current expenditure on health (all functions)","HPTOT","All providers","PARPIB","Share of gross domestic product","SWE","Sweden","2021","2021","PC","Percentage","0","Units",,,9.663,"P","Provisional value"
"HF1","Government/compulsory schemes","HCTOT","Current expenditure on health (all functions)","HPTOT","All providers","PARPIB","Share of gross domestic product","SWE","Sweden","2022","2022","PC","Percentage","0","Units",,,9.154,"P","Provisional value"
"HF1","Government/compulsory schemes","HCTOT","Current expenditure on health (all functions)","HPTOT","All providers","PARPIB","Share of gross domestic product","DEU","Germany","2015","2015","PC","Percentage","0","Units",,,9.421,,
"HF1","Government/compulsory schemes","HCTOT","Current expenditure on health (all functions)","HPTOT","All providers","PARPIB","Share of gross domestic product","DEU","Germany","2016","2016","PC","Percentage","0","Units",,,9.483,,
"HF1","Government/compulsory schemes","HCTOT","Current expenditure on health (all functions)","HPTOT","All providers","PARPIB","Share of gross domestic product","DEU","Germany","2017","2017","PC","Percentage","0","Units",,,9.566,,
"HF1","Government/compulsory schemes","HCTOT","Current expenditure on health (all functions)","HPTOT","All providers","PARPIB","Share of gross domestic product","DEU","Germany","2018","2018","PC","Percentage","0","Units",,,9.657,,
"HF1","Government/compulsory schemes","HCTOT","Current expenditure on health (all functions)","HPTOT","All providers","PARPIB","Share of gross domestic product","DEU","Germany","2019","2019","PC","Percentage","0","Units",,,9.838,,
"HF1","Government/compulsory schemes","HCTOT","Current expenditure on health (all functions)","HPTOT","All providers","PARPIB","Share of gross domestic product","DEU","Germany","2020","2020","PC","Percentage","0","Units",,,10.801,,
"HF1","Government/compulsory schemes","HCTOT","Current expenditure on health (all functions)","HPTOT","All providers","PARPIB","Share of gross domestic product","DEU","Germany","2021","2021","PC","Percentage","0","Units",,,11.052,,
"HF1","Government/compulsory schemes","HCTOT","Current expenditure on health (all functions)","HPTOT","All providers","PARPIB","Share of gross domestic product","DEU","Germany","2022","2022","PC","Percentage","0","Units",,,10.947,"P","Provisional value"
"HF1","Government/compulsory schemes","HCTOT","Current expenditure on health (all functions)","HPTOT","All providers","PARPIB","Share of gross domestic product","CHE","Switzerland","2015","2015","PC","Percentage","0","Units",,,7.126,,
"HF1","Government/compulsory schemes","HCTOT","Current expenditure on health (all functions)","HPTOT","All providers","PARPIB","Share of gross domestic product","CHE","Switzerland","2016","2016","PC","Percentage","0","Units",,,7.322,,
"HF1","Government/compulsory schemes","HCTOT","Current expenditure on health (all functions)","HPTOT","All providers","PARPIB","Share of gross domestic product","CHE","Switzerland","2017","2017","PC","Percentage","0","Units",,,7.381,,
"HF1","Government/compulsory schemes","HCTOT","Current expenditure on health (all functions)","HPTOT","All providers","PARPIB","Share of gross domestic product","CHE","Switzerland","2018","2018","PC","Percentage","0","Units",,,7.125,,
"HF1","Government/compulsory schemes","HCTOT","Current expenditure on health (all functions)","HPTOT","All providers","PARPIB","Share of gross domestic product","CHE","Switzerland","2019","2019","PC","Percentage","0","Units",,,7.328,,
"HF1","Government/compulsory schemes","HCTOT","Current expenditure on health (all functions)","HPTOT","All providers","PARPIB","Share of gross domestic product","CHE","Switzerland","2020","2020","PC","Percentage","0","Units",,,7.936,,
"HF1","Government/compulsory schemes","HCTOT","Current expenditure on health (all functions)","HPTOT","All providers","PARPIB","Share of gross domestic product","CHE","Switzerland","2021","2021","PC","Percentage","0","Units",,,7.993,,
"HF1","Government/compulsory schemes","HCTOT","Current expenditure on health (all functions)","HPTOT","All providers","PARPIB","Share of gross domestic product","CHE","Switzerland","2022","2022","PC","Percentage","0","Units",,,7.815,"E","Estimated value"
"HF1","Government/compulsory schemes","HCTOT","Current expenditure on health (all functions)","HPTOT","All providers","PARPIB","Share of gross domestic product","ESP","Spain","2015","2015","PC","Percentage","0","Units",,,6.505,,
"HF1","Government/compulsory schemes","HCTOT","Current expenditure on health (all functions)","HPTOT","All providers","PARPIB","Share of gross domestic product","ESP","Spain","2016","2016","PC","Percentage","0","Units",,,6.402,,
"HF1","Government/compulsory schemes","HCTOT","Current expenditure on health (all functions)","HPTOT","All providers","PARPIB","Share of gross domestic product","ESP","Spain","2017","2017","PC","Percentage","0","Units",,,6.307,,
"HF1","Government/compulsory schemes","HCTOT","Current expenditure on health (all functions)","HPTOT","All providers","PARPIB","Share of gross domestic product","ESP","Spain","2018","2018","PC","Percentage","0","Units",,,6.318,,
"HF1","Government/compulsory schemes","HCTOT","Current expenditure on health (all functions)","HPTOT","All providers","PARPIB","Share of gross domestic product","ESP","Spain","2019","2019","PC","Percentage","0","Units",,,6.452,,
"HF1","Government/compulsory schemes","HCTOT","Current expenditure on health (all functions)","HPTOT","All providers","PARPIB","Share of gross domestic product","ESP","Spain","2020","2020","PC","Percentage","0","Units",,,7.86,,
"HF1","Government/compulsory schemes","HCTOT","Current expenditure on health (all functions)","HPTOT","All providers","PARPIB","Share of gross domestic product","ESP","Spain","2021","2021","PC","Percentage","0","Units",,,7.69,,
"HF1","Government/compulsory schemes","HCTOT","Current expenditure on health (all functions)","HPTOT","All providers","PARPIB","Share of gross domestic product","ESP","Spain","2022","2022","PC","Percentage","0","Units",,,7.297,"E","Estimated value"
"HF1","Government/compulsory schemes","HCTOT","Current expenditure on health (all functions)","HPTOT","All providers","PARPIB","Share of gross domestic product","DNK","Denmark","2015","2015","PC","Percentage","0","Units",,,8.699,,
"HF1","Government/compulsory schemes","HCTOT","Current expenditure on health (all functions)","HPTOT","All providers","PARPIB","Share of gross domestic product","DNK","Denmark","2016","2016","PC","Percentage","0","Units",,,8.616,,
"HF1","Government/compulsory schemes","HCTOT","Current expenditure on health (all functions)","HPTOT","All providers","PARPIB","Share of gross domestic product","DNK","Denmark","2017","2017","PC","Percentage","0","Units",,,8.478,,
"HF1","Government/compulsory schemes","HCTOT","Current expenditure on health (all functions)","HPTOT","All providers","PARPIB","Share of gross domestic product","DNK","Denmark","2018","2018","PC","Percentage","0","Units",,,8.457,,
"HF1","Government/compulsory schemes","HCTOT","Current expenditure on health (all functions)","HPTOT","All providers","PARPIB","Share of gross domestic product","DNK","Denmark","2019","2019","PC","Percentage","0","Units",,,8.499,,
"HF1","Government/compulsory schemes","HCTOT","Current expenditure on health (all functions)","HPTOT","All providers","PARPIB","Share of gross domestic product","DNK","Denmark","2020","2020","PC","Percentage","0","Units",,,8.95,,
"HF1","Government/compulsory schemes","HCTOT","Current expenditure on health (all functions)","HPTOT","All providers","PARPIB","Share of gross domestic product","DNK","Denmark","2021","2021","PC","Percentage","0","Units",,,9.223,,
"HF1","Government/compulsory schemes","HCTOT","Current expenditure on health (all functions)","HPTOT","All providers","PARPIB","Share of gross domestic product","DNK","Denmark","2022","2022","PC","Percentage","0","Units",,,8.051,"P","Provisional value"
"HF1","Government/compulsory schemes","HCTOT","Current expenditure on health (all functions)","HPTOT","All providers","PARPIB","Share of gross domestic product","EST","Estonia","2015","2015","PC","Percentage","0","Units",,,4.961,,
"HF1","Government/compulsory schemes","HCTOT","Current expenditure on health (all functions)","HPTOT","All providers","PARPIB","Share of gross domestic product","EST","Estonia","2016","2016","PC","Percentage","0","Units",,,5.003,,
"HF1","Government/compulsory schemes","HCTOT","Current expenditure on health (all functions)","HPTOT","All providers","PARPIB","Share of gross domestic product","EST","Estonia","2017","2017","PC","Percentage","0","Units",,,4.854,,
"HF1","Government/compulsory schemes","HCTOT","Current expenditure on health (all functions)","HPTOT","All providers","PARPIB","Share of gross domestic product","EST","Estonia","2018","2018","PC","Percentage","0","Units",,,4.93,,
"HF1","Government/compulsory schemes","HCTOT","Current expenditure on health (all functions)","HPTOT","All providers","PARPIB","Share of gross domestic product","EST","Estonia","2019","2019","PC","Percentage","0","Units",,,5.075,,
"HF1","Government/compulsory schemes","HCTOT","Current expenditure on health (all functions)","HPTOT","All providers","PARPIB","Share of gross domestic product","EST","Estonia","2020","2020","PC","Percentage","0","Units",,,5.844,,
"HF1","Government/compulsory schemes","HCTOT","Current expenditure on health (all functions)","HPTOT","All providers","PARPIB","Share of gross domestic product","EST","Estonia","2021","2021","PC","Percentage","0","Units",,,5.711,,
"HF1","Government/compulsory schemes","HCTOT","Current expenditure on health (all functions)","HPTOT","All providers","PARPIB","Share of gross domestic product","EST","Estonia","2022","2022","PC","Percentage","0","Units",,,5.273,"P","Provisional value"
"HF1","Government/compulsory schemes","HCTOT","Current expenditure on health (all functions)","HPTOT","All providers","PARPIB","Share of gross domestic product","CAN","Canada","2015","2015","PC","Percentage","0","Units",,,7.607,,
"HF1","Government/compulsory schemes","HCTOT","Current expenditure on health (all functions)","HPTOT","All providers","PARPIB","Share of gross domestic product","CAN","Canada","2016","2016","PC","Percentage","0","Units",,,7.705,,
"HF1","Government/compulsory schemes","HCTOT","Current expenditure on health (all functions)","HPTOT","All providers","PARPIB","Share of gross domestic product","CAN","Canada","2017","2017","PC","Percentage","0","Units",,,7.593,,
"HF1","Government/compulsory schemes","HCTOT","Current expenditure on health (all functions)","HPTOT","All providers","PARPIB","Share of gross domestic product","CAN","Canada","2018","2018","PC","Percentage","0","Units",,,7.599,,
"HF1","Government/compulsory schemes","HCTOT","Current expenditure on health (all functions)","HPTOT","All providers","PARPIB","Share of gross domestic product","CAN","Canada","2019","2019","PC","Percentage","0","Units",,,7.652,,
"HF1","Government/compulsory schemes","HCTOT","Current expenditure on health (all functions)","HPTOT","All providers","PARPIB","Share of gross domestic product","CAN","Canada","2020","2020","PC","Percentage","0","Units",,,9.606,,
"HF1","Government/compulsory schemes","HCTOT","Current expenditure on health (all functions)","HPTOT","All providers","PARPIB","Share of gross domestic product","CAN","Canada","2021","2021","PC","Percentage","0","Units",,,8.994,"P","Provisional value"
"HF1","Government/compulsory schemes","HCTOT","Current expenditure on health (all functions)","HPTOT","All providers","PARPIB","Share of gross domestic product","CAN","Canada","2022","2022","PC","Percentage","0","Units",,,7.954,"P","Provisional value"
"HF1","Government/compulsory schemes","HCTOT","Current expenditure on health (all functions)","HPTOT","All providers","PARPIB","Share of gross domestic product","COL","Colombia","2015","2015","PC","Percentage","0","Units",,,5.741,,
"HF1","Government/compulsory schemes","HCTOT","Current expenditure on health (all functions)","HPTOT","All providers","PARPIB","Share of gross domestic product","COL","Colombia","2016","2016","PC","Percentage","0","Units",,,5.731,,
"HF1","Government/compulsory schemes","HCTOT","Current expenditure on health (all functions)","HPTOT","All providers","PARPIB","Share of gross domestic product","COL","Colombia","2017","2017","PC","Percentage","0","Units",,,5.882,,
"HF1","Government/compulsory schemes","HCTOT","Current expenditure on health (all functions)","HPTOT","All providers","PARPIB","Share of gross domestic product","COL","Colombia","2018","2018","PC","Percentage","0","Units",,,5.892,,
"HF1","Government/compulsory schemes","HCTOT","Current expenditure on health (all functions)","HPTOT","All providers","PARPIB","Share of gross domestic product","COL","Colombia","2019","2019","PC","Percentage","0","Units",,,5.947,,
"HF1","Government/compulsory schemes","HCTOT","Current expenditure on health (all functions)","HPTOT","All providers","PARPIB","Share of gross domestic product","COL","Colombia","2020","2020","PC","Percentage","0","Units",,,6.749,,
"HF1","Government/compulsory schemes","HCTOT","Current expenditure on health (all functions)","HPTOT","All providers","PARPIB","Share of gross domestic product","COL","Colombia","2021","2021","PC","Percentage","0","Units",,,7.068,,
"HF1","Government/compulsory schemes","HCTOT","Current expenditure on health (all functions)","HPTOT","All providers","PARPIB","Share of gross domestic product","COL","Colombia","2022","2022","PC","Percentage","0","Units",,,6.139,"E","Estimated value"
"HF1","Government/compulsory schemes","HCTOT","Current expenditure on health (all functions)","HPTOT","All providers","PARPIB","Share of gross domestic product","CRI","Costa Rica","2015","2015","PC","Percentage","0","Units",,,5.682,,
"HF1","Government/compulsory schemes","HCTOT","Current expenditure on health (all functions)","HPTOT","All providers","PARPIB","Share of gross domestic product","CRI","Costa Rica","2016","2016","PC","Percentage","0","Units",,,5.494,,
"HF1","Government/compulsory schemes","HCTOT","Current expenditure on health (all functions)","HPTOT","All providers","PARPIB","Share of gross domestic product","CRI","Costa Rica","2017","2017","PC","Percentage","0","Units",,,5.282,,
"HF1","Government/compulsory schemes","HCTOT","Current expenditure on health (all functions)","HPTOT","All providers","PARPIB","Share of gross domestic product","CRI","Costa Rica","2018","2018","PC","Percentage","0","Units",,,5.379,"B","Break"
"HF1","Government/compulsory schemes","HCTOT","Current expenditure on health (all functions)","HPTOT","All providers","PARPIB","Share of gross domestic product","CRI","Costa Rica","2019","2019","PC","Percentage","0","Units",,,5.339,,
"HF1","Government/compulsory schemes","HCTOT","Current expenditure on health (all functions)","HPTOT","All providers","PARPIB","Share of gross domestic product","CRI","Costa Rica","2020","2020","PC","Percentage","0","Units",,,5.931,,
"HF1","Government/compulsory schemes","HCTOT","Current expenditure on health (all functions)","HPTOT","All providers","PARPIB","Share of gross domestic product","CRI","Costa Rica","2021","2021","PC","Percentage","0","Units",,,5.637,,
"HF1","Government/compulsory schemes","HCTOT","Current expenditure on health (all functions)","HPTOT","All providers","PARPIB","Share of gross domestic product","CRI","Costa Rica","2022","2022","PC","Percentage","0","Units",,,5.333,"E","Estimated value"
"HF1","Government/compulsory schemes","HCTOT","Current expenditure on health (all functions)","HPTOT","All providers","PARPIB","Share of gross domestic product","FIN","Finland","2015","2015","PC","Percentage","0","Units",,,7.421,"B","Break"
"HF1","Government/compulsory schemes","HCTOT","Current expenditure on health (all functions)","HPTOT","All providers","PARPIB","Share of gross domestic product","FIN","Finland","2016","2016","PC","Percentage","0","Units",,,7.148,,
"HF1","Government/compulsory schemes","HCTOT","Current expenditure on health (all functions)","HPTOT","All providers","PARPIB","Share of gross domestic product","FIN","Finland","2017","2017","PC","Percentage","0","Units",,,6.974,,
"HF1","Government/compulsory schemes","HCTOT","Current expenditure on health (all functions)","HPTOT","All providers","PARPIB","Share of gross domestic product","FIN","Finland","2018","2018","PC","Percentage","0","Units",,,6.959,,
"HF1","Government/compulsory schemes","HCTOT","Current expenditure on health (all functions)","HPTOT","All providers","PARPIB","Share of gross domestic product","FIN","Finland","2019","2019","PC","Percentage","0","Units",,,7.142,,
"HF1","Government/compulsory schemes","HCTOT","Current expenditure on health (all functions)","HPTOT","All providers","PARPIB","Share of gross domestic product","FIN","Finland","2020","2020","PC","Percentage","0","Units",,,7.615,,
"HF1","Government/compulsory schemes","HCTOT","Current expenditure on health (all functions)","HPTOT","All providers","PARPIB","Share of gross domestic product","FIN","Finland","2021","2021","PC","Percentage","0","Units",,,8.178,,
"HF1","Government/compulsory schemes","HCTOT","Current expenditure on health (all functions)","HPTOT","All providers","PARPIB","Share of gross domestic product","FIN","Finland","2022","2022","PC","Percentage","0","Units",,,8.026,"E","Estimated value"
"HF1","Government/compulsory schemes","HCTOT","Current expenditure on health (all functions)","HPTOT","All providers","PARPIB","Share of gross domestic product","GRC","Greece","2015","2015","PC","Percentage","0","Units",,,4.803,,
"HF1","Government/compulsory schemes","HCTOT","Current expenditure on health (all functions)","HPTOT","All providers","PARPIB","Share of gross domestic product","GRC","Greece","2016","2016","PC","Percentage","0","Units",,,5.186,,
"HF1","Government/compulsory schemes","HCTOT","Current expenditure on health (all functions)","HPTOT","All providers","PARPIB","Share of gross domestic product","GRC","Greece","2017","2017","PC","Percentage","0","Units",,,4.926,,
"HF1","Government/compulsory schemes","HCTOT","Current expenditure on health (all functions)","HPTOT","All providers","PARPIB","Share of gross domestic product","GRC","Greece","2018","2018","PC","Percentage","0","Units",,,4.808,,
"HF1","Government/compulsory schemes","HCTOT","Current expenditure on health (all functions)","HPTOT","All providers","PARPIB","Share of gross domestic product","GRC","Greece","2019","2019","PC","Percentage","0","Units",,,5.043,,
"HF1","Government/compulsory schemes","HCTOT","Current expenditure on health (all functions)","HPTOT","All providers","PARPIB","Share of gross domestic product","GRC","Greece","2020","2020","PC","Percentage","0","Units",,,5.876,,
"HF1","Government/compulsory schemes","HCTOT","Current expenditure on health (all functions)","HPTOT","All providers","PARPIB","Share of gross domestic product","GRC","Greece","2021","2021","PC","Percentage","0","Units",,,5.699,,
"HF1","Government/compulsory schemes","HCTOT","Current expenditure on health (all functions)","HPTOT","All providers","PARPIB","Share of gross domestic product","GRC","Greece","2022","2022","PC","Percentage","0","Units",,,5.085,"E","Estimated value"
"HF1","Government/compulsory schemes","HCTOT","Current expenditure on health (all functions)","HPTOT","All providers","PARPIB","Share of gross domestic product","GBR","United Kingdom","2015","2015","PC","Percentage","0","Units",,,7.853,,
"HF1","Government/compulsory schemes","HCTOT","Current expenditure on health (all functions)","HPTOT","All providers","PARPIB","Share of gross domestic product","GBR","United Kingdom","2016","2016","PC","Percentage","0","Units",,,7.839,,
"HF1","Government/compulsory schemes","HCTOT","Current expenditure on health (all functions)","HPTOT","All providers","PARPIB","Share of gross domestic product","GBR","United Kingdom","2017","2017","PC","Percentage","0","Units",,,7.676,,
"HF1","Government/compulsory schemes","HCTOT","Current expenditure on health (all functions)","HPTOT","All providers","PARPIB","Share of gross domestic product","GBR","United Kingdom","2018","2018","PC","Percentage","0","Units",,,7.719,,
"HF1","Government/compulsory schemes","HCTOT","Current expenditure on health (all functions)","HPTOT","All providers","PARPIB","Share of gross domestic product","GBR","United Kingdom","2019","2019","PC","Percentage","0","Units",,,7.895,,
"HF1","Government/compulsory schemes","HCTOT","Current expenditure on health (all functions)","HPTOT","All providers","PARPIB","Share of gross domestic product","GBR","United Kingdom","2020","2020","PC","Percentage","0","Units",,,10.1,,
"HF1","Government/compulsory schemes","HCTOT","Current expenditure on health (all functions)","HPTOT","All providers","PARPIB","Share of gross domestic product","GBR","United Kingdom","2021","2021","PC","Percentage","0","Units",,,10.266,,
"HF1","Government/compulsory schemes","HCTOT","Current expenditure on health (all functions)","HPTOT","All providers","PARPIB","Share of gross domestic product","GBR","United Kingdom","2022","2022","PC","Percentage","0","Units",,,9.251,"P","Provisional value"
"HF1","Government/compulsory schemes","HCTOT","Current expenditure on health (all functions)","HPTOT","All providers","PARPIB","Share of gross domestic product","ISL","Iceland","2015","2015","PC","Percentage","0","Units",,,6.521,,
"HF1","Government/compulsory schemes","HCTOT","Current expenditure on health (all functions)","HPTOT","All providers","PARPIB","Share of gross domestic product","ISL","Iceland","2016","2016","PC","Percentage","0","Units",,,6.6,,
"HF1","Government/compulsory schemes","HCTOT","Current expenditure on health (all functions)","HPTOT","All providers","PARPIB","Share of gross domestic product","ISL","Iceland","2017","2017","PC","Percentage","0","Units",,,6.763,,
"HF1","Government/compulsory schemes","HCTOT","Current expenditure on health (all functions)","HPTOT","All providers","PARPIB","Share of gross domestic product","ISL","Iceland","2018","2018","PC","Percentage","0","Units",,,6.902,,
"HF1","Government/compulsory schemes","HCTOT","Current expenditure on health (all functions)","HPTOT","All providers","PARPIB","Share of gross domestic product","ISL","Iceland","2019","2019","PC","Percentage","0","Units",,,7.104,,
"HF1","Government/compulsory schemes","HCTOT","Current expenditure on health (all functions)","HPTOT","All providers","PARPIB","Share of gross domestic product","ISL","Iceland","2020","2020","PC","Percentage","0","Units",,,8.012,,
"HF1","Government/compulsory schemes","HCTOT","Current expenditure on health (all functions)","HPTOT","All providers","PARPIB","Share of gross domestic product","ISL","Iceland","2021","2021","PC","Percentage","0","Units",,,8.144,,
"HF1","Government/compulsory schemes","HCTOT","Current expenditure on health (all functions)","HPTOT","All providers","PARPIB","Share of gross domestic product","ISL","Iceland","2022","2022","PC","Percentage","0","Units",,,7.138,"P","Provisional value"
"HF1","Government/compulsory schemes","HCTOT","Current expenditure on health (all functions)","HPTOT","All providers","PARPIB","Share of gross domestic product","IRL","Ireland","2015","2015","PC","Percentage","0","Units",,,5.267,,
"HF1","Government/compulsory schemes","HCTOT","Current expenditure on health (all functions)","HPTOT","All providers","PARPIB","Share of gross domestic product","IRL","Ireland","2016","2016","PC","Percentage","0","Units",,,5.412,,
"HF1","Government/compulsory schemes","HCTOT","Current expenditure on health (all functions)","HPTOT","All providers","PARPIB","Share of gross domestic product","IRL","Ireland","2017","2017","PC","Percentage","0","Units",,,5.201,,
"HF1","Government/compulsory schemes","HCTOT","Current expenditure on health (all functions)","HPTOT","All providers","PARPIB","Share of gross domestic product","IRL","Ireland","2018","2018","PC","Percentage","0","Units",,,5.091,,
"HF1","Government/compulsory schemes","HCTOT","Current expenditure on health (all functions)","HPTOT","All providers","PARPIB","Share of gross domestic product","IRL","Ireland","2019","2019","PC","Percentage","0","Units",,,4.981,,
"HF1","Government/compulsory schemes","HCTOT","Current expenditure on health (all functions)","HPTOT","All providers","PARPIB","Share of gross domestic product","IRL","Ireland","2020","2020","PC","Percentage","0","Units",,,5.548,,
"HF1","Government/compulsory schemes","HCTOT","Current expenditure on health (all functions)","HPTOT","All providers","PARPIB","Share of gross domestic product","IRL","Ireland","2021","2021","PC","Percentage","0","Units",,,5.198,,
"HF1","Government/compulsory schemes","HCTOT","Current expenditure on health (all functions)","HPTOT","All providers","PARPIB","Share of gross domestic product","IRL","Ireland","2022","2022","PC","Percentage","0","Units",,,4.696,"P","Provisional value"
"HF1","Government/compulsory schemes","HCTOT","Current expenditure on health (all functions)","HPTOT","All providers","PARPIB","Share of gross domestic product","FRA","France","2015","2015","PC","Percentage","0","Units",,,8.767,,
"HF1","Government/compulsory schemes","HCTOT","Current expenditure on health (all functions)","HPTOT","All providers","PARPIB","Share of gross domestic product","FRA","France","2016","2016","PC","Percentage","0","Units",,,9.518,,
"HF1","Government/compulsory schemes","HCTOT","Current expenditure on health (all functions)","HPTOT","All providers","PARPIB","Share of gross domestic product","FRA","France","2017","2017","PC","Percentage","0","Units",,,9.435,,
"HF1","Government/compulsory schemes","HCTOT","Current expenditure on health (all functions)","HPTOT","All providers","PARPIB","Share of gross domestic product","FRA","France","2018","2018","PC","Percentage","0","Units",,,9.342,,
"HF1","Government/compulsory schemes","HCTOT","Current expenditure on health (all functions)","HPTOT","All providers","PARPIB","Share of gross domestic product","FRA","France","2019","2019","PC","Percentage","0","Units",,,9.265,,
"HF1","Government/compulsory schemes","HCTOT","Current expenditure on health (all functions)","HPTOT","All providers","PARPIB","Share of gross domestic product","FRA","France","2020","2020","PC","Percentage","0","Units",,,10.287,,
"HF1","Government/compulsory schemes","HCTOT","Current expenditure on health (all functions)","HPTOT","All providers","PARPIB","Share of gross domestic product","FRA","France","2021","2021","PC","Percentage","0","Units",,,10.438,,
"HF1","Government/compulsory schemes","HCTOT","Current expenditure on health (all functions)","HPTOT","All providers","PARPIB","Share of gross domestic product","FRA","France","2022","2022","PC","Percentage","0","Units",,,10.263,"E","Estimated value"
"HF1","Government/compulsory schemes","HCTOT","Current expenditure on health (all functions)","HPTOT","All providers","PARPIB","Share of gross domestic product","HUN","Hungary","2015","2015","PC","Percentage","0","Units",,,4.672,,
"HF1","Government/compulsory schemes","HCTOT","Current expenditure on health (all functions)","HPTOT","All providers","PARPIB","Share of gross domestic product","HUN","Hungary","2016","2016","PC","Percentage","0","Units",,,4.757,,
"HF1","Government/compulsory schemes","HCTOT","Current expenditure on health (all functions)","HPTOT","All providers","PARPIB","Share of gross domestic product","HUN","Hungary","2017","2017","PC","Percentage","0","Units",,,4.647,,
"HF1","Government/compulsory schemes","HCTOT","Current expenditure on health (all functions)","HPTOT","All providers","PARPIB","Share of gross domestic product","HUN","Hungary","2018","2018","PC","Percentage","0","Units",,,4.576,,
"HF1","Government/compulsory schemes","HCTOT","Current expenditure on health (all functions)","HPTOT","All providers","PARPIB","Share of gross domestic product","HUN","Hungary","2019","2019","PC","Percentage","0","Units",,,4.314,,
"HF1","Government/compulsory schemes","HCTOT","Current expenditure on health (all functions)","HPTOT","All providers","PARPIB","Share of gross domestic product","HUN","Hungary","2020","2020","PC","Percentage","0","Units",,,5.159,,
"HF1","Government/compulsory schemes","HCTOT","Current expenditure on health (all functions)","HPTOT","All providers","PARPIB","Share of gross domestic product","HUN","Hungary","2021","2021","PC","Percentage","0","Units",,,5.344,,
"HF1","Government/compulsory schemes","HCTOT","Current expenditure on health (all functions)","HPTOT","All providers","PARPIB","Share of gross domestic product","HUN","Hungary","2022","2022","PC","Percentage","0","Units",,,4.876,"P","Provisional value"
"HF1","Government/compulsory schemes","HCTOT","Current expenditure on health (all functions)","HPTOT","All providers","PARPIB","Share of gross domestic product","ITA","Italy","2015","2015","PC","Percentage","0","Units",,,6.593,,
"HF1","Government/compulsory schemes","HCTOT","Current expenditure on health (all functions)","HPTOT","All providers","PARPIB","Share of gross domestic product","ITA","Italy","2016","2016","PC","Percentage","0","Units",,,6.492,,
"HF1","Government/compulsory schemes","HCTOT","Current expenditure on health (all functions)","HPTOT","All providers","PARPIB","Share of gross domestic product","ITA","Italy","2017","2017","PC","Percentage","0","Units",,,6.399,,
"HF1","Government/compulsory schemes","HCTOT","Current expenditure on health (all functions)","HPTOT","All providers","PARPIB","Share of gross domestic product","ITA","Italy","2018","2018","PC","Percentage","0","Units",,,6.413,,
"HF1","Government/compulsory schemes","HCTOT","Current expenditure on health (all functions)","HPTOT","All providers","PARPIB","Share of gross domestic product","ITA","Italy","2019","2019","PC","Percentage","0","Units",,,6.384,,
"HF1","Government/compulsory schemes","HCTOT","Current expenditure on health (all functions)","HPTOT","All providers","PARPIB","Share of gross domestic product","ITA","Italy","2020","2020","PC","Percentage","0","Units",,,7.308,,
"HF1","Government/compulsory schemes","HCTOT","Current expenditure on health (all functions)","HPTOT","All providers","PARPIB","Share of gross domestic product","ITA","Italy","2021","2021","PC","Percentage","0","Units",,,7.082,,
"HF1","Government/compulsory schemes","HCTOT","Current expenditure on health (all functions)","HPTOT","All providers","PARPIB","Share of gross domestic product","ITA","Italy","2022","2022","PC","Percentage","0","Units",,,6.828,"P","Provisional value"
"HF1","Government/compulsory schemes","HCTOT","Current expenditure on health (all functions)","HPTOT","All providers","PARPIB","Share of gross domestic product","LUX","Luxembourg","2015","2015","PC","Percentage","0","Units",,,4.251,,
"HF1","Government/compulsory schemes","HCTOT","Current expenditure on health (all functions)","HPTOT","All providers","PARPIB","Share of gross domestic product","LUX","Luxembourg","2016","2016","PC","Percentage","0","Units",,,4.24,,
"HF1","Government/compulsory schemes","HCTOT","Current expenditure on health (all functions)","HPTOT","All providers","PARPIB","Share of gross domestic product","LUX","Luxembourg","2017","2017","PC","Percentage","0","Units",,,4.311,,
"HF1","Government/compulsory schemes","HCTOT","Current expenditure on health (all functions)","HPTOT","All providers","PARPIB","Share of gross domestic product","LUX","Luxembourg","2018","2018","PC","Percentage","0","Units",,,4.439,,
"HF1","Government/compulsory schemes","HCTOT","Current expenditure on health (all functions)","HPTOT","All providers","PARPIB","Share of gross domestic product","LUX","Luxembourg","2019","2019","PC","Percentage","0","Units",,,4.647,,
"HF1","Government/compulsory schemes","HCTOT","Current expenditure on health (all functions)","HPTOT","All providers","PARPIB","Share of gross domestic product","LUX","Luxembourg","2020","2020","PC","Percentage","0","Units",,,4.966,,
"HF1","Government/compulsory schemes","HCTOT","Current expenditure on health (all functions)","HPTOT","All providers","PARPIB","Share of gross domestic product","LUX","Luxembourg","2021","2021","PC","Percentage","0","Units",,,4.877,,
"HF1","Government/compulsory schemes","HCTOT","Current expenditure on health (all functions)","HPTOT","All providers","PARPIB","Share of gross domestic product","LUX","Luxembourg","2022","2022","PC","Percentage","0","Units",,,4.685,"P","Provisional value"
"HF1","Government/compulsory schemes","HCTOT","Current expenditure on health (all functions)","HPTOT","All providers","PARPIB","Share of gross domestic product","ISR","Israel","2015","2015","PC","Percentage","0","Units",,,4.453,,
"HF1","Government/compulsory schemes","HCTOT","Current expenditure on health (all functions)","HPTOT","All providers","PARPIB","Share of gross domestic product","ISR","Israel","2016","2016","PC","Percentage","0","Units",,,4.493,,
"HF1","Government/compulsory schemes","HCTOT","Current expenditure on health (all functions)","HPTOT","All providers","PARPIB","Share of gross domestic product","ISR","Israel","2017","2017","PC","Percentage","0","Units",,,4.584,,
"HF1","Government/compulsory schemes","HCTOT","Current expenditure on health (all functions)","HPTOT","All providers","PARPIB","Share of gross domestic product","ISR","Israel","2018","2018","PC","Percentage","0","Units",,,4.674,,
"HF1","Government/compulsory schemes","HCTOT","Current expenditure on health (all functions)","HPTOT","All providers","PARPIB","Share of gross domestic product","ISR","Israel","2019","2019","PC","Percentage","0","Units",,,4.65,,
"HF1","Government/compulsory schemes","HCTOT","Current expenditure on health (all functions)","HPTOT","All providers","PARPIB","Share of gross domestic product","ISR","Israel","2020","2020","PC","Percentage","0","Units",,,5.256,"P","Provisional value"
"HF1","Government/compulsory schemes","HCTOT","Current expenditure on health (all functions)","HPTOT","All providers","PARPIB","Share of gross domestic product","ISR","Israel","2021","2021","PC","Percentage","0","Units",,,5.389,"B; D; P","Break; Difference in methodology; Provisional value"
"HF1","Government/compulsory schemes","HCTOT","Current expenditure on health (all functions)","HPTOT","All providers","PARPIB","Share of gross domestic product","ISR","Israel","2022","2022","PC","Percentage","0","Units",,,5.089,"E","Estimated value"
"HF1","Government/compulsory schemes","HCTOT","Current expenditure on health (all functions)","HPTOT","All providers","PARPIB","Share of gross domestic product","LVA","Latvia","2015","2015","PC","Percentage","0","Units",,,3.315,,
"HF1","Government/compulsory schemes","HCTOT","Current expenditure on health (all functions)","HPTOT","All providers","PARPIB","Share of gross domestic product","LVA","Latvia","2016","2016","PC","Percentage","0","Units",,,3.426,,
"HF1","Government/compulsory schemes","HCTOT","Current expenditure on health (all functions)","HPTOT","All providers","PARPIB","Share of gross domestic product","LVA","Latvia","2017","2017","PC","Percentage","0","Units",,,3.42,,
"HF1","Government/compulsory schemes","HCTOT","Current expenditure on health (all functions)","HPTOT","All providers","PARPIB","Share of gross domestic product","LVA","Latvia","2018","2018","PC","Percentage","0","Units",,,3.706,,
"HF1","Government/compulsory schemes","HCTOT","Current expenditure on health (all functions)","HPTOT","All providers","PARPIB","Share of gross domestic product","LVA","Latvia","2019","2019","PC","Percentage","0","Units",,,3.977,,
"HF1","Government/compulsory schemes","HCTOT","Current expenditure on health (all functions)","HPTOT","All providers","PARPIB","Share of gross domestic product","LVA","Latvia","2020","2020","PC","Percentage","0","Units",,,4.606,,
"HF1","Government/compulsory schemes","HCTOT","Current expenditure on health (all functions)","HPTOT","All providers","PARPIB","Share of gross domestic product","LVA","Latvia","2021","2021","PC","Percentage","0","Units",,,6.283,,
"HF1","Government/compulsory schemes","HCTOT","Current expenditure on health (all functions)","HPTOT","All providers","PARPIB","Share of gross domestic product","LVA","Latvia","2022","2022","PC","Percentage","0","Units",,,5.914,"E","Estimated value"
"HF1","Government/compulsory schemes","HCTOT","Current expenditure on health (all functions)","HPTOT","All providers","PARPIB","Share of gross domestic product","LTU","Lithuania","2015","2015","PC","Percentage","0","Units",,,4.358,,
"HF1","Government/compulsory schemes","HCTOT","Current expenditure on health (all functions)","HPTOT","All providers","PARPIB","Share of gross domestic product","LTU","Lithuania","2016","2016","PC","Percentage","0","Units",,,4.42,,
"HF1","Government/compulsory schemes","HCTOT","Current expenditure on health (all functions)","HPTOT","All providers","PARPIB","Share of gross domestic product","LTU","Lithuania","2017","2017","PC","Percentage","0","Units",,,4.275,,
"HF1","Government/compulsory schemes","HCTOT","Current expenditure on health (all functions)","HPTOT","All providers","PARPIB","Share of gross domestic product","LTU","Lithuania","2018","2018","PC","Percentage","0","Units",,,4.387,,
"HF1","Government/compulsory schemes","HCTOT","Current expenditure on health (all functions)","HPTOT","All providers","PARPIB","Share of gross domestic product","LTU","Lithuania","2019","2019","PC","Percentage","0","Units",,,4.641,,
"HF1","Government/compulsory schemes","HCTOT","Current expenditure on health (all functions)","HPTOT","All providers","PARPIB","Share of gross domestic product","LTU","Lithuania","2020","2020","PC","Percentage","0","Units",,,5.249,,
"HF1","Government/compulsory schemes","HCTOT","Current expenditure on health (all functions)","HPTOT","All providers","PARPIB","Share of gross domestic product","LTU","Lithuania","2021","2021","PC","Percentage","0","Units",,,5.363,,
"HF1","Government/compulsory schemes","HCTOT","Current expenditure on health (all functions)","HPTOT","All providers","PARPIB","Share of gross domestic product","LTU","Lithuania","2022","2022","PC","Percentage","0","Units",,,5.115,"P","Provisional value"
"HF1","Government/compulsory schemes","HCTOT","Current expenditure on health (all functions)","HPTOT","All providers","PARPIB","Share of gross domestic product","MEX","Mexico","2015","2015","PC","Percentage","0","Units",,,2.987,,
"HF1","Government/compulsory schemes","HCTOT","Current expenditure on health (all functions)","HPTOT","All providers","PARPIB","Share of gross domestic product","MEX","Mexico","2016","2016","PC","Percentage","0","Units",,,2.848,,
"HF1","Government/compulsory schemes","HCTOT","Current expenditure on health (all functions)","HPTOT","All providers","PARPIB","Share of gross domestic product","MEX","Mexico","2017","2017","PC","Percentage","0","Units",,,2.758,,
"HF1","Government/compulsory schemes","HCTOT","Current expenditure on health (all functions)","HPTOT","All providers","PARPIB","Share of gross domestic product","MEX","Mexico","2018","2018","PC","Percentage","0","Units",,,2.672,,
"HF1","Government/compulsory schemes","HCTOT","Current expenditure on health (all functions)","HPTOT","All providers","PARPIB","Share of gross domestic product","MEX","Mexico","2019","2019","PC","Percentage","0","Units",,,2.679,,
"HF1","Government/compulsory schemes","HCTOT","Current expenditure on health (all functions)","HPTOT","All providers","PARPIB","Share of gross domestic product","MEX","Mexico","2020","2020","PC","Percentage","0","Units",,,3.292,,
"HF1","Government/compulsory schemes","HCTOT","Current expenditure on health (all functions)","HPTOT","All providers","PARPIB","Share of gross domestic product","MEX","Mexico","2021","2021","PC","Percentage","0","Units",,,3.052,,
"HF1","Government/compulsory schemes","HCTOT","Current expenditure on health (all functions)","HPTOT","All providers","PARPIB","Share of gross domestic product","MEX","Mexico","2022","2022","PC","Percentage","0","Units",,,2.907,"E","Estimated value"
"HF1","Government/compulsory schemes","HCTOT","Current expenditure on health (all functions)","HPTOT","All providers","PARPIB","Share of gross domestic product","NLD","Netherlands","2015","2015","PC","Percentage","0","Units",,,8.402,,
"HF1","Government/compulsory schemes","HCTOT","Current expenditure on health (all functions)","HPTOT","All providers","PARPIB","Share of gross domestic product","NLD","Netherlands","2016","2016","PC","Percentage","0","Units",,,8.358,,
"HF1","Government/compulsory schemes","HCTOT","Current expenditure on health (all functions)","HPTOT","All providers","PARPIB","Share of gross domestic product","NLD","Netherlands","2017","2017","PC","Percentage","0","Units",,,8.257,,
"HF1","Government/compulsory schemes","HCTOT","Current expenditure on health (all functions)","HPTOT","All providers","PARPIB","Share of gross domestic product","NLD","Netherlands","2018","2018","PC","Percentage","0","Units",,,8.227,,
"HF1","Government/compulsory schemes","HCTOT","Current expenditure on health (all functions)","HPTOT","All providers","PARPIB","Share of gross domestic product","NLD","Netherlands","2019","2019","PC","Percentage","0","Units",,,8.396,,
"HF1","Government/compulsory schemes","HCTOT","Current expenditure on health (all functions)","HPTOT","All providers","PARPIB","Share of gross domestic product","NLD","Netherlands","2020","2020","PC","Percentage","0","Units",,,9.522,,
"HF1","Government/compulsory schemes","HCTOT","Current expenditure on health (all functions)","HPTOT","All providers","PARPIB","Share of gross domestic product","NLD","Netherlands","2021","2021","PC","Percentage","0","Units",,,9.589,,
"HF1","Government/compulsory schemes","HCTOT","Current expenditure on health (all functions)","HPTOT","All providers","PARPIB","Share of gross domestic product","NLD","Netherlands","2022","2022","PC","Percentage","0","Units",,,8.6,"P","Provisional value"
"HF1","Government/compulsory schemes","HCTOT","Current expenditure on health (all functions)","HPTOT","All providers","PARPIB","Share of gross domestic product","POL","Poland","2015","2015","PC","Percentage","0","Units",,,4.467,,
"HF1","Government/compulsory schemes","HCTOT","Current expenditure on health (all functions)","HPTOT","All providers","PARPIB","Share of gross domestic product","POL","Poland","2016","2016","PC","Percentage","0","Units",,,4.555,,
"HF1","Government/compulsory schemes","HCTOT","Current expenditure on health (all functions)","HPTOT","All providers","PARPIB","Share of gross domestic product","POL","Poland","2017","2017","PC","Percentage","0","Units",,,4.562,,
"HF1","Government/compulsory schemes","HCTOT","Current expenditure on health (all functions)","HPTOT","All providers","PARPIB","Share of gross domestic product","POL","Poland","2018","2018","PC","Percentage","0","Units",,,4.513,,
"HF1","Government/compulsory schemes","HCTOT","Current expenditure on health (all functions)","HPTOT","All providers","PARPIB","Share of gross domestic product","POL","Poland","2019","2019","PC","Percentage","0","Units",,,4.637,,
"HF1","Government/compulsory schemes","HCTOT","Current expenditure on health (all functions)","HPTOT","All providers","PARPIB","Share of gross domestic product","POL","Poland","2020","2020","PC","Percentage","0","Units",,,4.695,,
"HF1","Government/compulsory schemes","HCTOT","Current expenditure on health (all functions)","HPTOT","All providers","PARPIB","Share of gross domestic product","POL","Poland","2021","2021","PC","Percentage","0","Units",,,4.666,,
"HF1","Government/compulsory schemes","HCTOT","Current expenditure on health (all functions)","HPTOT","All providers","PARPIB","Share of gross domestic product","POL","Poland","2022","2022","PC","Percentage","0","Units",,,5.001,"P","Provisional value"
"HF1","Government/compulsory schemes","HCTOT","Current expenditure on health (all functions)","HPTOT","All providers","PARPIB","Share of gross domestic product","SVN","Slovenia","2015","2015","PC","Percentage","0","Units",,,6.116,,
"HF1","Government/compulsory schemes","HCTOT","Current expenditure on health (all functions)","HPTOT","All providers","PARPIB","Share of gross domestic product","SVN","Slovenia","2016","2016","PC","Percentage","0","Units",,,6.166,,
"HF1","Government/compulsory schemes","HCTOT","Current expenditure on health (all functions)","HPTOT","All providers","PARPIB","Share of gross domestic product","SVN","Slovenia","2017","2017","PC","Percentage","0","Units",,,5.909,,
"HF1","Government/compulsory schemes","HCTOT","Current expenditure on health (all functions)","HPTOT","All providers","PARPIB","Share of gross domestic product","SVN","Slovenia","2018","2018","PC","Percentage","0","Units",,,6.027,,
"HF1","Government/compulsory schemes","HCTOT","Current expenditure on health (all functions)","HPTOT","All providers","PARPIB","Share of gross domestic product","SVN","Slovenia","2019","2019","PC","Percentage","0","Units",,,6.186,,
"HF1","Government/compulsory schemes","HCTOT","Current expenditure on health (all functions)","HPTOT","All providers","PARPIB","Share of gross domestic product","SVN","Slovenia","2020","2020","PC","Percentage","0","Units",,,6.902,,
"HF1","Government/compulsory schemes","HCTOT","Current expenditure on health (all functions)","HPTOT","All providers","PARPIB","Share of gross domestic product","SVN","Slovenia","2021","2021","PC","Percentage","0","Units",,,6.989,,
"HF1","Government/compulsory schemes","HCTOT","Current expenditure on health (all functions)","HPTOT","All providers","PARPIB","Share of gross domestic product","SVN","Slovenia","2022","2022","PC","Percentage","0","Units",,,6.571,"P","Provisional value"
"HF1","Government/compulsory schemes","HCTOT","Current expenditure on health (all functions)","HPTOT","All providers","PARPIB","Share of gross domestic product","SVK","Slovak Republic","2015","2015","PC","Percentage","0","Units",,,5.391,,
"HF1","Government/compulsory schemes","HCTOT","Current expenditure on health (all functions)","HPTOT","All providers","PARPIB","Share of gross domestic product","SVK","Slovak Republic","2016","2016","PC","Percentage","0","Units",,,5.603,,
"HF1","Government/compulsory schemes","HCTOT","Current expenditure on health (all functions)","HPTOT","All providers","PARPIB","Share of gross domestic product","SVK","Slovak Republic","2017","2017","PC","Percentage","0","Units",,,5.401,,
"HF1","Government/compulsory schemes","HCTOT","Current expenditure on health (all functions)","HPTOT","All providers","PARPIB","Share of gross domestic product","SVK","Slovak Republic","2018","2018","PC","Percentage","0","Units",,,5.342,,
"HF1","Government/compulsory schemes","HCTOT","Current expenditure on health (all functions)","HPTOT","All providers","PARPIB","Share of gross domestic product","SVK","Slovak Republic","2019","2019","PC","Percentage","0","Units",,,5.522,,
"HF1","Government/compulsory schemes","HCTOT","Current expenditure on health (all functions)","HPTOT","All providers","PARPIB","Share of gross domestic product","SVK","Slovak Republic","2020","2020","PC","Percentage","0","Units",,,5.721,,
"HF1","Government/compulsory schemes","HCTOT","Current expenditure on health (all functions)","HPTOT","All providers","PARPIB","Share of gross domestic product","SVK","Slovak Republic","2021","2021","PC","Percentage","0","Units",,,6.18,,
"HF1","Government/compulsory schemes","HCTOT","Current expenditure on health (all functions)","HPTOT","All providers","PARPIB","Share of gross domestic product","SVK","Slovak Republic","2022","2022","PC","Percentage","0","Units",,,6.218,"E","Estimated value"
"HF1","Government/compulsory schemes","HCTOT","Current expenditure on health (all functions)","HPTOT","All providers","PARPIB","Share of gross domestic product","PRT","Portugal","2015","2015","PC","Percentage","0","Units",,,5.751,,
"HF1","Government/compulsory schemes","HCTOT","Current expenditure on health (all functions)","HPTOT","All providers","PARPIB","Share of gross domestic product","PRT","Portugal","2016","2016","PC","Percentage","0","Units",,,5.793,,
"HF1","Government/compulsory schemes","HCTOT","Current expenditure on health (all functions)","HPTOT","All providers","PARPIB","Share of gross domestic product","PRT","Portugal","2017","2017","PC","Percentage","0","Units",,,5.698,,
"HF1","Government/compulsory schemes","HCTOT","Current expenditure on health (all functions)","HPTOT","All providers","PARPIB","Share of gross domestic product","PRT","Portugal","2018","2018","PC","Percentage","0","Units",,,5.763,,
"HF1","Government/compulsory schemes","HCTOT","Current expenditure on health (all functions)","HPTOT","All providers","PARPIB","Share of gross domestic product","PRT","Portugal","2019","2019","PC","Percentage","0","Units",,,5.789,,
"HF1","Government/compulsory schemes","HCTOT","Current expenditure on health (all functions)","HPTOT","All providers","PARPIB","Share of gross domestic product","PRT","Portugal","2020","2020","PC","Percentage","0","Units",,,6.782,,
"HF1","Government/compulsory schemes","HCTOT","Current expenditure on health (all functions)","HPTOT","All providers","PARPIB","Share of gross domestic product","PRT","Portugal","2021","2021","PC","Percentage","0","Units",,,7.039,,
"HF1","Government/compulsory schemes","HCTOT","Current expenditure on health (all functions)","HPTOT","All providers","PARPIB","Share of gross domestic product","PRT","Portugal","2022","2022","PC","Percentage","0","Units",,,6.74,"P","Provisional value"
"HF1","Government/compulsory schemes","HCTOT","Current expenditure on health (all functions)","HPTOT","All providers","PARPIB","Share of gross domestic product","TUR","Türkiye","2015","2015","PC","Percentage","0","Units",,,3.217,,
"HF1","Government/compulsory schemes","HCTOT","Current expenditure on health (all functions)","HPTOT","All providers","PARPIB","Share of gross domestic product","TUR","Türkiye","2016","2016","PC","Percentage","0","Units",,,3.361,,
"HF1","Government/compulsory schemes","HCTOT","Current expenditure on health (all functions)","HPTOT","All providers","PARPIB","Share of gross domestic product","TUR","Türkiye","2017","2017","PC","Percentage","0","Units",,,3.248,,
"HF1","Government/compulsory schemes","HCTOT","Current expenditure on health (all functions)","HPTOT","All providers","PARPIB","Share of gross domestic product","TUR","Türkiye","2018","2018","PC","Percentage","0","Units",,,3.191,,
"HF1","Government/compulsory schemes","HCTOT","Current expenditure on health (all functions)","HPTOT","All providers","PARPIB","Share of gross domestic product","TUR","Türkiye","2019","2019","PC","Percentage","0","Units",,,3.391,,
"HF1","Government/compulsory schemes","HCTOT","Current expenditure on health (all functions)","HPTOT","All providers","PARPIB","Share of gross domestic product","TUR","Türkiye","2020","2020","PC","Percentage","0","Units",,,3.64,,
"HF1","Government/compulsory schemes","HCTOT","Current expenditure on health (all functions)","HPTOT","All providers","PARPIB","Share of gross domestic product","TUR","Türkiye","2021","2021","PC","Percentage","0","Units",,,3.598,,
"HF1","Government/compulsory schemes","HCTOT","Current expenditure on health (all functions)","HPTOT","All providers","PARPIB","Share of gross domestic product","TUR","Türkiye","2022","2022","PC","Percentage","0","Units",,,3.264,"E","Estimated value"
"HF1","Government/compulsory schemes","HCTOT","Current expenditure on health (all functions)","HPTOT","All providers","PARPIB","Share of gross domestic product","KOR","Korea","2015","2015","PC","Percentage","0","Units",,,3.813,,
"HF1","Government/compulsory schemes","HCTOT","Current expenditure on health (all functions)","HPTOT","All providers","PARPIB","Share of gross domestic product","KOR","Korea","2016","2016","PC","Percentage","0","Units",,,3.976,,
"HF1","Government/compulsory schemes","HCTOT","Current expenditure on health (all functions)","HPTOT","All providers","PARPIB","Share of gross domestic product","KOR","Korea","2017","2017","PC","Percentage","0","Units",,,4.119,,
"HF1","Government/compulsory schemes","HCTOT","Current expenditure on health (all functions)","HPTOT","All providers","PARPIB","Share of gross domestic product","KOR","Korea","2018","2018","PC","Percentage","0","Units",,,4.411,,
"HF1","Government/compulsory schemes","HCTOT","Current expenditure on health (all functions)","HPTOT","All providers","PARPIB","Share of gross domestic product","KOR","Korea","2019","2019","PC","Percentage","0","Units",,,4.855,,
"HF1","Government/compulsory schemes","HCTOT","Current expenditure on health (all functions)","HPTOT","All providers","PARPIB","Share of gross domestic product","KOR","Korea","2020","2020","PC","Percentage","0","Units",,,5.124,,
"HF1","Government/compulsory schemes","HCTOT","Current expenditure on health (all functions)","HPTOT","All providers","PARPIB","Share of gross domestic product","KOR","Korea","2021","2021","PC","Percentage","0","Units",,,5.815,,
"HF1","Government/compulsory schemes","HCTOT","Current expenditure on health (all functions)","HPTOT","All providers","PARPIB","Share of gross domestic product","KOR","Korea","2022","2022","PC","Percentage","0","Units",,,6.094,"P","Provisional value"
"HF1","Government/compulsory schemes","HCTOT","Current expenditure on health (all functions)","HPTOT","All providers","PARPIB","Share of gross domestic product","NOR","Norway","2015","2015","PC","Percentage","0","Units",,,8.611,,
"HF1","Government/compulsory schemes","HCTOT","Current expenditure on health (all functions)","HPTOT","All providers","PARPIB","Share of gross domestic product","NOR","Norway","2016","2016","PC","Percentage","0","Units",,,8.991,,
"HF1","Government/compulsory schemes","HCTOT","Current expenditure on health (all functions)","HPTOT","All providers","PARPIB","Share of gross domestic product","NOR","Norway","2017","2017","PC","Percentage","0","Units",,,8.708,,
"HF1","Government/compulsory schemes","HCTOT","Current expenditure on health (all functions)","HPTOT","All providers","PARPIB","Share of gross domestic product","NOR","Norway","2018","2018","PC","Percentage","0","Units",,,8.536,,
"HF1","Government/compulsory schemes","HCTOT","Current expenditure on health (all functions)","HPTOT","All providers","PARPIB","Share of gross domestic product","NOR","Norway","2019","2019","PC","Percentage","0","Units",,,8.947,,
"HF1","Government/compulsory schemes","HCTOT","Current expenditure on health (all functions)","HPTOT","All providers","PARPIB","Share of gross domestic product","NOR","Norway","2020","2020","PC","Percentage","0","Units",,,9.642,,
"HF1","Government/compulsory schemes","HCTOT","Current expenditure on health (all functions)","HPTOT","All providers","PARPIB","Share of gross domestic product","NOR","Norway","2021","2021","PC","Percentage","0","Units",,,8.487,"P","Provisional value"
"HF1","Government/compulsory schemes","HCTOT","Current expenditure on health (all functions)","HPTOT","All providers","PARPIB","Share of gross domestic product","NOR","Norway","2022","2022","PC","Percentage","0","Units",,,6.764,"E","Estimated value"
"HF1","Government/compulsory schemes","HCTOT","Current expenditure on health (all functions)","HPTOT","All providers","PARPIB","Share of gross domestic product","USA","United States","2015","2015","PC","Percentage","0","Units",,,13.669,,
"HF1","Government/compulsory schemes","HCTOT","Current expenditure on health (all functions)","HPTOT","All providers","PARPIB","Share of gross domestic product","USA","United States","2016","2016","PC","Percentage","0","Units",,,13.916,,
"HF1","Government/compulsory schemes","HCTOT","Current expenditure on health (all functions)","HPTOT","All providers","PARPIB","Share of gross domestic product","USA","United States","2017","2017","PC","Percentage","0","Units",,,13.892,,
"HF1","Government/compulsory schemes","HCTOT","Current expenditure on health (all functions)","HPTOT","All providers","PARPIB","Share of gross domestic product","USA","United States","2018","2018","PC","Percentage","0","Units",,,13.783,,
"HF1","Government/compulsory schemes","HCTOT","Current expenditure on health (all functions)","HPTOT","All providers","PARPIB","Share of gross domestic product","USA","United States","2019","2019","PC","Percentage","0","Units",,,13.787,,
"HF1","Government/compulsory schemes","HCTOT","Current expenditure on health (all functions)","HPTOT","All providers","PARPIB","Share of gross domestic product","USA","United States","2020","2020","PC","Percentage","0","Units",,,15.861,,
"HF1","Government/compulsory schemes","HCTOT","Current expenditure on health (all functions)","HPTOT","All providers","PARPIB","Share of gross domestic product","USA","United States","2021","2021","PC","Percentage","0","Units",,,14.522,,
"HF1","Government/compulsory schemes","HCTOT","Current expenditure on health (all functions)","HPTOT","All providers","PARPIB","Share of gross domestic product","USA","United States","2022","2022","PC","Percentage","0","Units",,,14.101,"E","Estimated value"
"HF1","Government/compulsory schemes","HCTOT","Current expenditure on health (all functions)","HPTOT","All providers","PARPIB","Share of gross domestic product","CHL","Chile","2015","2015","PC","Percentage","0","Units",,,4.906,,
"HF1","Government/compulsory schemes","HCTOT","Current expenditure on health (all functions)","HPTOT","All providers","PARPIB","Share of gross domestic product","CHL","Chile","2016","2016","PC","Percentage","0","Units",,,5.006,,
"HF1","Government/compulsory schemes","HCTOT","Current expenditure on health (all functions)","HPTOT","All providers","PARPIB","Share of gross domestic product","CHL","Chile","2017","2017","PC","Percentage","0","Units",,,5.468,,
"HF1","Government/compulsory schemes","HCTOT","Current expenditure on health (all functions)","HPTOT","All providers","PARPIB","Share of gross domestic product","CHL","Chile","2018","2018","PC","Percentage","0","Units",,,5.565,,
"HF1","Government/compulsory schemes","HCTOT","Current expenditure on health (all functions)","HPTOT","All providers","PARPIB","Share of gross domestic product","CHL","Chile","2019","2019","PC","Percentage","0","Units",,,5.674,,
"HF1","Government/compulsory schemes","HCTOT","Current expenditure on health (all functions)","HPTOT","All providers","PARPIB","Share of gross domestic product","CHL","Chile","2020","2020","PC","Percentage","0","Units",,,6.325,,
"HF1","Government/compulsory schemes","HCTOT","Current expenditure on health (all functions)","HPTOT","All providers","PARPIB","Share of gross domestic product","CHL","Chile","2021","2021","PC","Percentage","0","Units",,,5.861,,
"HF1","Government/compulsory schemes","HCTOT","Current expenditure on health (all functions)","HPTOT","All providers","PARPIB","Share of gross domestic product","CHL","Chile","2022","2022","PC","Percentage","0","Units",,,5.6,"P","Provisional value"
"HF1","Government/compulsory schemes","HCTOT","Current expenditure on health (all functions)","HPTOT","All providers","PARPIB","Share of gross domestic product","JPN","Japan","2015","2015","PC","Percentage","0","Units",,,9.039,,
"HF1","Government/compulsory schemes","HCTOT","Current expenditure on health (all functions)","HPTOT","All providers","PARPIB","Share of gross domestic product","JPN","Japan","2016","2016","PC","Percentage","0","Units",,,8.957,,
"HF1","Government/compulsory schemes","HCTOT","Current expenditure on health (all functions)","HPTOT","All providers","PARPIB","Share of gross domestic product","JPN","Japan","2017","2017","PC","Percentage","0","Units",,,8.974,,
"HF1","Government/compulsory schemes","HCTOT","Current expenditure on health (all functions)","HPTOT","All providers","PARPIB","Share of gross domestic product","JPN","Japan","2018","2018","PC","Percentage","0","Units",,,8.997,,
"HF1","Government/compulsory schemes","HCTOT","Current expenditure on health (all functions)","HPTOT","All providers","PARPIB","Share of gross domestic product","JPN","Japan","2019","2019","PC","Percentage","0","Units",,,9.211,,
"HF1","Government/compulsory schemes","HCTOT","Current expenditure on health (all functions)","HPTOT","All providers","PARPIB","Share of gross domestic product","JPN","Japan","2020","2020","PC","Percentage","0","Units",,,9.339,,
"HF1","Government/compulsory schemes","HCTOT","Current expenditure on health (all functions)","HPTOT","All providers","PARPIB","Share of gross domestic product","JPN","Japan","2021","2021","PC","Percentage","0","Units",,,9.682,"P","Provisional value"
"HF1","Government/compulsory schemes","HCTOT","Current expenditure on health (all functions)","HPTOT","All providers","PARPIB","Share of gross domestic product","JPN","Japan","2022","2022","PC","Percentage","0","Units",,,9.843,"E","Estimated value"
"HF1","Government/compulsory schemes","HCTOT","Current expenditure on health (all functions)","HPTOT","All providers","PARPIB","Share of gross domestic product","CYP","Cyprus","2015","2015","PC","Percentage","0","Units",,,2.862,,
"HF1","Government/compulsory schemes","HCTOT","Current expenditure on health (all functions)","HPTOT","All providers","PARPIB","Share of gross domestic product","CYP","Cyprus","2016","2016","PC","Percentage","0","Units",,,2.787,,
"HF1","Government/compulsory schemes","HCTOT","Current expenditure on health (all functions)","HPTOT","All providers","PARPIB","Share of gross domestic product","CYP","Cyprus","2017","2017","PC","Percentage","0","Units",,,2.748,,
"HF1","Government/compulsory schemes","HCTOT","Current expenditure on health (all functions)","HPTOT","All providers","PARPIB","Share of gross domestic product","CYP","Cyprus","2018","2018","PC","Percentage","0","Units",,,2.869,,
"HF1","Government/compulsory schemes","HCTOT","Current expenditure on health (all functions)","HPTOT","All providers","PARPIB","Share of gross domestic product","CYP","Cyprus","2019","2019","PC","Percentage","0","Units",,,3.83,,
"HF1","Government/compulsory schemes","HCTOT","Current expenditure on health (all functions)","HPTOT","All providers","PARPIB","Share of gross domestic product","CYP","Cyprus","2020","2020","PC","Percentage","0","Units",,,6.294,,
"HF1","Government/compulsory schemes","HCTOT","Current expenditure on health (all functions)","HPTOT","All providers","PARPIB","Share of gross domestic product","CYP","Cyprus","2021","2021","PC","Percentage","0","Units",,,8.041,"P","Provisional value"
"HF1","Government/compulsory schemes","HCTOT","Current expenditure on health (all functions)","HPTOT","All providers","PARPIB","Share of gross domestic product","HRV","Croatia","2015","2015","PC","Percentage","0","Units",,,5.528,,
"HF1","Government/compulsory schemes","HCTOT","Current expenditure on health (all functions)","HPTOT","All providers","PARPIB","Share of gross domestic product","HRV","Croatia","2016","2016","PC","Percentage","0","Units",,,5.55,,
"HF1","Government/compulsory schemes","HCTOT","Current expenditure on health (all functions)","HPTOT","All providers","PARPIB","Share of gross domestic product","HRV","Croatia","2017","2017","PC","Percentage","0","Units",,,5.495,,
"HF1","Government/compulsory schemes","HCTOT","Current expenditure on health (all functions)","HPTOT","All providers","PARPIB","Share of gross domestic product","HRV","Croatia","2018","2018","PC","Percentage","0","Units",,,5.535,,
"HF1","Government/compulsory schemes","HCTOT","Current expenditure on health (all functions)","HPTOT","All providers","PARPIB","Share of gross domestic product","HRV","Croatia","2019","2019","PC","Percentage","0","Units",,,5.571,,
"HF1","Government/compulsory schemes","HCTOT","Current expenditure on health (all functions)","HPTOT","All providers","PARPIB","Share of gross domestic product","HRV","Croatia","2020","2020","PC","Percentage","0","Units",,,6.507,,
"HF1","Government/compulsory schemes","HCTOT","Current expenditure on health (all functions)","HPTOT","All providers","PARPIB","Share of gross domestic product","HRV","Croatia","2021","2021","PC","Percentage","0","Units",,,6.927,,
"HF1","Government/compulsory schemes","HCTOT","Current expenditure on health (all functions)","HPTOT","All providers","PARPIB","Share of gross domestic product","CZE","Czechia","2015","2015","PC","Percentage","0","Units",,,6.213,,
"HF1","Government/compulsory schemes","HCTOT","Current expenditure on health (all functions)","HPTOT","All providers","PARPIB","Share of gross domestic product","CZE","Czechia","2016","2016","PC","Percentage","0","Units",,,6.273,,
"HF1","Government/compulsory schemes","HCTOT","Current expenditure on health (all functions)","HPTOT","All providers","PARPIB","Share of gross domestic product","CZE","Czechia","2017","2017","PC","Percentage","0","Units",,,6.228,,
"HF1","Government/compulsory schemes","HCTOT","Current expenditure on health (all functions)","HPTOT","All providers","PARPIB","Share of gross domestic product","CZE","Czechia","2018","2018","PC","Percentage","0","Units",,,6.341,,
"HF1","Government/compulsory schemes","HCTOT","Current expenditure on health (all functions)","HPTOT","All providers","PARPIB","Share of gross domestic product","CZE","Czechia","2019","2019","PC","Percentage","0","Units",,,6.462,,
"HF1","Government/compulsory schemes","HCTOT","Current expenditure on health (all functions)","HPTOT","All providers","PARPIB","Share of gross domestic product","CZE","Czechia","2020","2020","PC","Percentage","0","Units",,,8.081,,
"HF1","Government/compulsory schemes","HCTOT","Current expenditure on health (all functions)","HPTOT","All providers","PARPIB","Share of gross domestic product","CZE","Czechia","2021","2021","PC","Percentage","0","Units",,,8.2,,
"HF1","Government/compulsory schemes","HCTOT","Current expenditure on health (all functions)","HPTOT","All providers","PARPIB","Share of gross domestic product","CZE","Czechia","2022","2022","PC","Percentage","0","Units",,,7.799,"E","Estimated value"
"HF1","Government/compulsory schemes","HCTOT","Current expenditure on health (all functions)","HPTOT","All providers","PARPIB","Share of gross domestic product","BGR","Bulgaria","2015","2015","PC","Percentage","0","Units",,,4.148,,
"HF1","Government/compulsory schemes","HCTOT","Current expenditure on health (all functions)","HPTOT","All providers","PARPIB","Share of gross domestic product","BGR","Bulgaria","2016","2016","PC","Percentage","0","Units",,,4.128,,
"HF1","Government/compulsory schemes","HCTOT","Current expenditure on health (all functions)","HPTOT","All providers","PARPIB","Share of gross domestic product","BGR","Bulgaria","2017","2017","PC","Percentage","0","Units",,,4.222,,
"HF1","Government/compulsory schemes","HCTOT","Current expenditure on health (all functions)","HPTOT","All providers","PARPIB","Share of gross domestic product","BGR","Bulgaria","2018","2018","PC","Percentage","0","Units",,,4.33,,
"HF1","Government/compulsory schemes","HCTOT","Current expenditure on health (all functions)","HPTOT","All providers","PARPIB","Share of gross domestic product","BGR","Bulgaria","2019","2019","PC","Percentage","0","Units",,,4.295,,
"HF1","Government/compulsory schemes","HCTOT","Current expenditure on health (all functions)","HPTOT","All providers","PARPIB","Share of gross domestic product","BGR","Bulgaria","2020","2020","PC","Percentage","0","Units",,,5.351,,
"HF1","Government/compulsory schemes","HCTOT","Current expenditure on health (all functions)","HPTOT","All providers","PARPIB","Share of gross domestic product","BGR","Bulgaria","2021","2021","PC","Percentage","0","Units",,,5.536,,
"HF1","Government/compulsory schemes","HCTOT","Current expenditure on health (all functions)","HPTOT","All providers","PARPIB","Share of gross domestic product","NZL","New Zealand","2015","2015","PC","Percentage","0","Units",,,7.333,"P","Provisional value"
"HF1","Government/compulsory schemes","HCTOT","Current expenditure on health (all functions)","HPTOT","All providers","PARPIB","Share of gross domestic product","NZL","New Zealand","2016","2016","PC","Percentage","0","Units",,,7.271,"P","Provisional value"
"HF1","Government/compulsory schemes","HCTOT","Current expenditure on health (all functions)","HPTOT","All providers","PARPIB","Share of gross domestic product","NZL","New Zealand","2017","2017","PC","Percentage","0","Units",,,7.049,"P","Provisional value"
"HF1","Government/compulsory schemes","HCTOT","Current expenditure on health (all functions)","HPTOT","All providers","PARPIB","Share of gross domestic product","NZL","New Zealand","2018","2018","PC","Percentage","0","Units",,,7.16,"P","Provisional value"
"HF1","Government/compulsory schemes","HCTOT","Current expenditure on health (all functions)","HPTOT","All providers","PARPIB","Share of gross domestic product","NZL","New Zealand","2019","2019","PC","Percentage","0","Units",,,7.222,"E","Estimated value"
"HF1","Government/compulsory schemes","HCTOT","Current expenditure on health (all functions)","HPTOT","All providers","PARPIB","Share of gross domestic product","NZL","New Zealand","2020","2020","PC","Percentage","0","Units",,,7.76,"E","Estimated value"
"HF1","Government/compulsory schemes","HCTOT","Current expenditure on health (all functions)","HPTOT","All providers","PARPIB","Share of gross domestic product","NZL","New Zealand","2021","2021","PC","Percentage","0","Units",,,8.132,"E","Estimated value"
"HF1","Government/compulsory schemes","HCTOT","Current expenditure on health (all functions)","HPTOT","All providers","PARPIB","Share of gross domestic product","NZL","New Zealand","2022","2022","PC","Percentage","0","Units",,,9.188,"E","Estimated value"
"HF1","Government/compulsory schemes","HCTOT","Current expenditure on health (all functions)","HPTOT","All providers","PARPIB","Share of gross domestic product","MLT","Malta","2015","2015","PC","Percentage","0","Units",,,5.389,,
"HF1","Government/compulsory schemes","HCTOT","Current expenditure on health (all functions)","HPTOT","All providers","PARPIB","Share of gross domestic product","MLT","Malta","2016","2016","PC","Percentage","0","Units",,,5.651,,
"HF1","Government/compulsory schemes","HCTOT","Current expenditure on health (all functions)","HPTOT","All providers","PARPIB","Share of gross domestic product","MLT","Malta","2017","2017","PC","Percentage","0","Units",,,5.491,,
"HF1","Government/compulsory schemes","HCTOT","Current expenditure on health (all functions)","HPTOT","All providers","PARPIB","Share of gross domestic product","MLT","Malta","2018","2018","PC","Percentage","0","Units",,,5.438,,
"HF1","Government/compulsory schemes","HCTOT","Current expenditure on health (all functions)","HPTOT","All providers","PARPIB","Share of gross domestic product","MLT","Malta","2019","2019","PC","Percentage","0","Units",,,5.719,,
"HF1","Government/compulsory schemes","HCTOT","Current expenditure on health (all functions)","HPTOT","All providers","PARPIB","Share of gross domestic product","MLT","Malta","2020","2020","PC","Percentage","0","Units",,,7.168,,
"HF1","Government/compulsory schemes","HCTOT","Current expenditure on health (all functions)","HPTOT","All providers","PARPIB","Share of gross domestic product","ARG","Argentina","2015","2015","PC","Percentage","0","Units",,,6.853,,
"HF1","Government/compulsory schemes","HCTOT","Current expenditure on health (all functions)","HPTOT","All providers","PARPIB","Share of gross domestic product","ARG","Argentina","2016","2016","PC","Percentage","0","Units",,,5.619,,
"HF1","Government/compulsory schemes","HCTOT","Current expenditure on health (all functions)","HPTOT","All providers","PARPIB","Share of gross domestic product","ARG","Argentina","2017","2017","PC","Percentage","0","Units",,,6.644,,
"HF1","Government/compulsory schemes","HCTOT","Current expenditure on health (all functions)","HPTOT","All providers","PARPIB","Share of gross domestic product","ARG","Argentina","2018","2018","PC","Percentage","0","Units",,,5.883,,
"HF1","Government/compulsory schemes","HCTOT","Current expenditure on health (all functions)","HPTOT","All providers","PARPIB","Share of gross domestic product","ARG","Argentina","2019","2019","PC","Percentage","0","Units",,,5.857,,
"HF1","Government/compulsory schemes","HCTOT","Current expenditure on health (all functions)","HPTOT","All providers","PARPIB","Share of gross domestic product","ARG","Argentina","2020","2020","PC","Percentage","0","Units",,,6.644,,
"HF1","Government/compulsory schemes","HCTOT","Current expenditure on health (all functions)","HPTOT","All providers","PARPIB","Share of gross domestic product","BRA","Brazil","2015","2015","PC","Percentage","0","Units",,,3.861,,
"HF1","Government/compulsory schemes","HCTOT","Current expenditure on health (all functions)","HPTOT","All providers","PARPIB","Share of gross domestic product","BRA","Brazil","2016","2016","PC","Percentage","0","Units",,,3.952,,
"HF1","Government/compulsory schemes","HCTOT","Current expenditure on health (all functions)","HPTOT","All providers","PARPIB","Share of gross domestic product","BRA","Brazil","2017","2017","PC","Percentage","0","Units",,,3.959,,
"HF1","Government/compulsory schemes","HCTOT","Current expenditure on health (all functions)","HPTOT","All providers","PARPIB","Share of gross domestic product","BRA","Brazil","2018","2018","PC","Percentage","0","Units",,,3.897,,
"HF1","Government/compulsory schemes","HCTOT","Current expenditure on health (all functions)","HPTOT","All providers","PARPIB","Share of gross domestic product","BRA","Brazil","2019","2019","PC","Percentage","0","Units",,,3.93,,
"HF1","Government/compulsory schemes","HCTOT","Current expenditure on health (all functions)","HPTOT","All providers","PARPIB","Share of gross domestic product","BRA","Brazil","2020","2020","PC","Percentage","0","Units",,,4.538,,
"HF1","Government/compulsory schemes","HCTOT","Current expenditure on health (all functions)","HPTOT","All providers","PARPIB","Share of gross domestic product","CHN","China (People's Republic of)","2015","2015","PC","Percentage","0","Units",,,2.986,,
"HF1","Government/compulsory schemes","HCTOT","Current expenditure on health (all functions)","HPTOT","All providers","PARPIB","Share of gross domestic product","CHN","China (People's Republic of)","2016","2016","PC","Percentage","0","Units",,,2.892,,
"HF1","Government/compulsory schemes","HCTOT","Current expenditure on health (all functions)","HPTOT","All providers","PARPIB","Share of gross domestic product","CHN","China (People's Republic of)","2017","2017","PC","Percentage","0","Units",,,2.86,,
"HF1","Government/compulsory schemes","HCTOT","Current expenditure on health (all functions)","HPTOT","All providers","PARPIB","Share of gross domestic product","CHN","China (People's Republic of)","2018","2018","PC","Percentage","0","Units",,,2.914,,
"HF1","Government/compulsory schemes","HCTOT","Current expenditure on health (all functions)","HPTOT","All providers","PARPIB","Share of gross domestic product","CHN","China (People's Republic of)","2019","2019","PC","Percentage","0","Units",,,3.015,,
"HF1","Government/compulsory schemes","HCTOT","Current expenditure on health (all functions)","HPTOT","All providers","PARPIB","Share of gross domestic product","CHN","China (People's Republic of)","2020","2020","PC","Percentage","0","Units",,,3.102,,
"HF1","Government/compulsory schemes","HCTOT","Current expenditure on health (all functions)","HPTOT","All providers","PARPIB","Share of gross domestic product","IND","India","2015","2015","PC","Percentage","0","Units",,,0.928,,
"HF1","Government/compulsory schemes","HCTOT","Current expenditure on health (all functions)","HPTOT","All providers","PARPIB","Share of gross domestic product","IND","India","2016","2016","PC","Percentage","0","Units",,,0.947,,
"HF1","Government/compulsory schemes","HCTOT","Current expenditure on health (all functions)","HPTOT","All providers","PARPIB","Share of gross domestic product","IND","India","2017","2017","PC","Percentage","0","Units",,,0.974,,
"HF1","Government/compulsory schemes","HCTOT","Current expenditure on health (all functions)","HPTOT","All providers","PARPIB","Share of gross domestic product","IND","India","2018","2018","PC","Percentage","0","Units",,,0.985,,
"HF1","Government/compulsory schemes","HCTOT","Current expenditure on health (all functions)","HPTOT","All providers","PARPIB","Share of gross domestic product","IND","India","2019","2019","PC","Percentage","0","Units",,,0.982,,
"HF1","Government/compulsory schemes","HCTOT","Current expenditure on health (all functions)","HPTOT","All providers","PARPIB","Share of gross domestic product","IND","India","2020","2020","PC","Percentage","0","Units",,,1.094,,
"HF1","Government/compulsory schemes","HCTOT","Current expenditure on health (all functions)","HPTOT","All providers","PARPIB","Share of gross domestic product","IDN","Indonesia","2015","2015","PC","Percentage","0","Units",,,1.159,,
"HF1","Government/compulsory schemes","HCTOT","Current expenditure on health (all functions)","HPTOT","All providers","PARPIB","Share of gross domestic product","IDN","Indonesia","2016","2016","PC","Percentage","0","Units",,,1.377,,
"HF1","Government/compulsory schemes","HCTOT","Current expenditure on health (all functions)","HPTOT","All providers","PARPIB","Share of gross domestic product","IDN","Indonesia","2017","2017","PC","Percentage","0","Units",,,1.356,,
"HF1","Government/compulsory schemes","HCTOT","Current expenditure on health (all functions)","HPTOT","All providers","PARPIB","Share of gross domestic product","IDN","Indonesia","2018","2018","PC","Percentage","0","Units",,,1.396,,
"HF1","Government/compulsory schemes","HCTOT","Current expenditure on health (all functions)","HPTOT","All providers","PARPIB","Share of gross domestic product","IDN","Indonesia","2019","2019","PC","Percentage","0","Units",,,1.425,,
"HF1","Government/compulsory schemes","HCTOT","Current expenditure on health (all functions)","HPTOT","All providers","PARPIB","Share of gross domestic product","IDN","Indonesia","2020","2020","PC","Percentage","0","Units",,,1.877,,
"HF1","Government/compulsory schemes","HCTOT","Current expenditure on health (all functions)","HPTOT","All providers","PARPIB","Share of gross domestic product","PER","Peru","2015","2015","PC","Percentage","0","Units",,,3.022,,
"HF1","Government/compulsory schemes","HCTOT","Current expenditure on health (all functions)","HPTOT","All providers","PARPIB","Share of gross domestic product","PER","Peru","2016","2016","PC","Percentage","0","Units",,,3.059,,
"HF1","Government/compulsory schemes","HCTOT","Current expenditure on health (all functions)","HPTOT","All providers","PARPIB","Share of gross domestic product","PER","Peru","2017","2017","PC","Percentage","0","Units",,,3.035,,
"HF1","Government/compulsory schemes","HCTOT","Current expenditure on health (all functions)","HPTOT","All providers","PARPIB","Share of gross domestic product","PER","Peru","2018","2018","PC","Percentage","0","Units",,,3.174,,
"HF1","Government/compulsory schemes","HCTOT","Current expenditure on health (all functions)","HPTOT","All providers","PARPIB","Share of gross domestic product","PER","Peru","2019","2019","PC","Percentage","0","Units",,,3.258,,
"HF1","Government/compulsory schemes","HCTOT","Current expenditure on health (all functions)","HPTOT","All providers","PARPIB","Share of gross domestic product","PER","Peru","2020","2020","PC","Percentage","0","Units",,,4.327,,
"HF1","Government/compulsory schemes","HCTOT","Current expenditure on health (all functions)","HPTOT","All providers","PARPIB","Share of gross domestic product","ROU","Romania","2015","2015","PC","Percentage","0","Units",,,3.857,,
"HF1","Government/compulsory schemes","HCTOT","Current expenditure on health (all functions)","HPTOT","All providers","PARPIB","Share of gross domestic product","ROU","Romania","2016","2016","PC","Percentage","0","Units",,,3.979,,
"HF1","Government/compulsory schemes","HCTOT","Current expenditure on health (all functions)","HPTOT","All providers","PARPIB","Share of gross domestic product","ROU","Romania","2017","2017","PC","Percentage","0","Units",,,4.081,,
"HF1","Government/compulsory schemes","HCTOT","Current expenditure on health (all functions)","HPTOT","All providers","PARPIB","Share of gross domestic product","ROU","Romania","2018","2018","PC","Percentage","0","Units",,,4.4,,
"HF1","Government/compulsory schemes","HCTOT","Current expenditure on health (all functions)","HPTOT","All providers","PARPIB","Share of gross domestic product","ROU","Romania","2019","2019","PC","Percentage","0","Units",,,4.597,,
"HF1","Government/compulsory schemes","HCTOT","Current expenditure on health (all functions)","HPTOT","All providers","PARPIB","Share of gross domestic product","ROU","Romania","2020","2020","PC","Percentage","0","Units",,,4.998,,
"HF1","Government/compulsory schemes","HCTOT","Current expenditure on health (all functions)","HPTOT","All providers","PARPIB","Share of gross domestic product","ROU","Romania","2021","2021","PC","Percentage","0","Units",,,5.075,,
"HF1","Government/compulsory schemes","HCTOT","Current expenditure on health (all functions)","HPTOT","All providers","PARPIB","Share of gross domestic product","ZAF","South Africa","2015","2015","PC","Percentage","0","Units",,,3.753,,
"HF1","Government/compulsory schemes","HCTOT","Current expenditure on health (all functions)","HPTOT","All providers","PARPIB","Share of gross domestic product","ZAF","South Africa","2016","2016","PC","Percentage","0","Units",,,3.751,,
"HF1","Government/compulsory schemes","HCTOT","Current expenditure on health (all functions)","HPTOT","All providers","PARPIB","Share of gross domestic product","ZAF","South Africa","2017","2017","PC","Percentage","0","Units",,,3.745,,
"HF1","Government/compulsory schemes","HCTOT","Current expenditure on health (all functions)","HPTOT","All providers","PARPIB","Share of gross domestic product","ZAF","South Africa","2018","2018","PC","Percentage","0","Units",,,3.792,,
"HF1","Government/compulsory schemes","HCTOT","Current expenditure on health (all functions)","HPTOT","All providers","PARPIB","Share of gross domestic product","ZAF","South Africa","2019","2019","PC","Percentage","0","Units",,,3.945,,
"HF1","Government/compulsory schemes","HCTOT","Current expenditure on health (all functions)","HPTOT","All providers","PARPIB","Share of gross domestic product","ZAF","South Africa","2020","2020","PC","Percentage","0","Units",,,4.344,,
